Wall time,Step,Value
1755644566.6294806,4,-0.6059042811393738
1755644597.8461335,18,-0.17198435962200165
1755644647.0179307,40,0.19661740958690643
1755644662.7592049,47,0.2651037573814392
1755644664.9871607,48,0.2643011212348938
1755644696.1474247,62,0.35323652625083923
1755644698.2976534,63,0.39960506558418274
1755644706.9963677,67,0.38115593791007996
1755644716.0019495,71,0.43846356868743896
1755644729.134143,77,0.48141711950302124
1755644740.0334344,82,0.4807078242301941
1755644755.601106,89,0.48644042015075684
1755644777.8116221,99,0.5432507395744324
1755644786.5461307,103,0.5507987141609192
1755644795.2295702,107,0.5873934030532837
1755644826.1407645,121,0.628793478012085
1755644835.1885269,125,0.6476297974586487
1755644837.379114,126,0.6775144934654236
1755644841.7999322,128,0.6532177925109863
1755644846.1335578,130,0.6528716087341309
1755644877.1521394,144,0.7153874039649963
1755644883.6238317,147,0.699049174785614
1755644905.6971965,157,0.7599443793296814
1755644912.2458696,160,0.7780051231384277
1755644916.6454375,162,0.7743075489997864
1755644921.0374308,164,0.7679011225700378
1755644938.8128,172,0.7852922081947327
1755644949.5692763,177,0.8139700889587402
1755644980.165668,191,0.8848095536231995
1755645006.5235476,203,0.9295567870140076
1755645010.8629167,205,0.9283915758132935
1755645028.4801064,213,0.8693942427635193
1755645063.4855938,229,0.9447948932647705
1755645096.173394,244,0.9746128916740417
1755645098.3419187,245,0.9667404890060425
1755645126.6202433,258,0.9940773844718933
1755645128.7916255,259,1.0557188987731934
1755645154.8762546,271,1.0867044925689697
1755645161.3344538,274,1.1085772514343262
1755645178.9474847,282,1.0675498247146606
1755645185.3333478,285,1.0597766637802124
1755645207.1367638,295,0.9889102578163147
1755645235.2962034,308,1.139182448387146
1755645252.5142655,316,1.0900084972381592
1755645259.170661,319,1.1269601583480835
1755645265.5581443,322,1.2300704717636108
1755645315.3716815,345,1.1874576807022095
1755645317.8212726,346,1.3116799592971802
1755645343.3939633,358,1.1776785850524902
1755645356.5330226,364,1.3198317289352417
1755645360.841564,366,1.215484857559204
1755645386.95632,378,1.2537572383880615
1755645403.993536,386,1.4245673418045044
1755645412.820166,390,1.3102669715881348
1755645417.0300148,392,1.4233112335205078
1755645438.7389107,402,1.3748725652694702
1755645443.060045,404,1.415274739265442
1755645466.4444628,415,1.2650707960128784
1755645481.7500255,422,1.3689134120941162
1755645512.0260222,436,1.4735474586486816
1755645514.1786726,437,1.3646717071533203
1755645518.449271,439,1.4459218978881836
1755645533.6751661,446,1.5448578596115112
1755645565.8650568,461,1.4728409051895142
1755645574.3258417,465,1.5056889057159424
1755645593.6554914,474,1.6664427518844604
1755645595.7969985,475,1.54356050491333
1755645606.3778172,480,1.4427012205123901
1755645608.5065546,481,1.5907679796218872
1755645621.4773083,487,1.7495431900024414
1755645670.5423207,510,1.7510758638381958
1755645674.7705498,512,1.76002836227417
1755645676.9170253,513,1.6459800004959106
1755645679.2187295,514,1.5903425216674805
1755645685.7304027,517,1.9606163501739502
1755645690.006816,519,1.8663443326950073
1755645719.989776,533,1.8290702104568481
1755645722.0920808,534,1.6968055963516235
1755645726.317606,536,1.8312463760375977
1755645730.5753846,538,1.9307218790054321
1755645734.8202233,540,1.7996200323104858
1755645743.619354,544,1.9259259700775146
1755645747.8596206,546,2.044764995574951
1755645760.6165228,552,2.012117624282837
1755645769.0709088,556,2.1204845905303955
1755645782.134162,562,1.8448572158813477
1755645786.399746,564,2.0806615352630615
1755645794.8572583,568,2.230609655380249
1755645828.9996655,584,2.311897039413452
1755645841.9775596,590,2.023756265640259
1755645850.5141516,594,2.2203891277313232
1755645854.74023,596,2.2987027168273926
1755645893.678571,614,2.3374600410461426
1755645912.7156491,623,2.5085270404815674
1755645923.6327786,628,3.1621315479278564
1755645925.733889,629,2.932685613632202
1755645942.5397563,637,2.6593966484069824
1755645955.594088,643,3.2706053256988525
1755645957.7173123,644,2.6461904048919678
1755645987.8262594,658,3.4587039947509766
1755646006.8511126,667,3.216632604598999
1755646024.171487,675,2.7113399505615234
1755646026.3119242,676,2.943202257156372
1755646060.7572975,692,3.6260628700256348
1755646064.9558775,694,4.695560455322266
1755646122.60262,721,3.681220054626465
1755646131.023647,725,4.567906856536865
1755646137.6808543,728,4.114153861999512
1755646144.1064658,731,4.510734558105469
1755646171.8026025,744,4.627379894256592
1755646214.3958237,764,5.084583759307861
1755646237.920394,775,5.161426067352295
1755646240.0051236,776,6.028324127197266
1755646252.7152827,782,7.10572624206543
1755646265.9023304,788,9.822410583496094
1755646300.1208894,804,11.461366653442383
1755646302.239034,805,11.580921173095703
1755646306.4762695,807,10.988805770874023
1755646332.080819,819,11.372037887573242
1755646359.7109704,832,14.601722717285156
1755646412.9454358,857,15.308067321777344
1755646431.6886015,866,16.882204055786133
1755646442.4826002,871,16.163349151611328
1755646474.5014398,886,18.063400268554688
1755646497.7708807,897,19.39829444885254
1755646506.1675153,901,19.39354705810547
1755646567.4611163,930,24.076934814453125
1755646571.6755595,932,20.773921966552734
1755646592.7968462,942,25.49147605895996
1755646607.3492424,949,22.45753288269043
1755646637.1906598,963,22.384965896606445
1755646712.9494843,999,23.860124588012695
1755646719.2481165,1002,33.24071502685547
1755646723.4206517,1004,29.519332885742188
1755646746.6929438,1015,28.700468063354492
1755646761.331,1022,23.45293617248535
1755646769.9696712,1026,25.394968032836914
1755646774.1365302,1028,34.94304275512695
1755646792.8136091,1037,27.19904899597168
1755646833.1067417,1056,30.420963287353516
1755646862.5679686,1070,35.96416091918945
1755646864.6629841,1071,31.178592681884766
1755646868.8553007,1073,31.73432731628418
1755646877.2021954,1077,33.94038772583008
1755646896.3040066,1086,30.625484466552734
1755646921.4908242,1098,34.768798828125
1755646929.8504884,1102,27.9778995513916
1755646934.0034974,1104,31.9269962310791
1755646940.3456855,1107,31.681486129760742
1755646944.493767,1109,31.174985885620117
1755646948.6450021,1111,31.31684684753418
1755646969.7860932,1121,33.14752197265625
1755646978.124562,1125,37.41408920288086
1755646993.089719,1132,38.1085205078125
1755646997.2566345,1134,36.574981689453125
1755647007.6980002,1139,38.35381317138672
1755647022.6633415,1146,36.50376892089844
1755647033.1121342,1151,36.07554244995117
1755647035.17539,1152,32.59392166137695
1755647060.5074859,1164,39.06267547607422
1755647081.7686472,1174,34.545860290527344
1755647085.8925734,1176,38.61974334716797
1755647087.9648597,1177,38.122318267822266
1755647102.7354379,1184,40.39274215698242
1755647121.3695903,1193,37.957244873046875
1755647123.4480584,1194,36.7624397277832
1755647165.5390265,1214,42.60663986206055
1755647173.9144316,1218,39.58633804321289
1755647188.5048246,1225,35.420684814453125
1755647232.7914221,1246,44.408016204833984
1755647243.316981,1251,39.5826530456543
1755647245.4148488,1252,39.65518569946289
1755647249.5728126,1254,35.40877151489258
1755647256.1102507,1257,43.567630767822266
1755647264.4787006,1261,38.69447708129883
1755647276.985538,1267,45.458370208740234
1755647285.5742471,1271,43.932682037353516
1755647296.0144882,1276,41.56416702270508
1755647308.5498338,1282,41.78859329223633
1755647325.5860338,1290,42.391624450683594
1755647342.35042,1298,46.33114242553711
1755647359.375255,1306,45.7478141784668
1755647378.5732236,1315,42.73619079589844
1755647393.1966336,1322,44.57668685913086
1755647399.3858976,1325,42.879966735839844
1755647401.4457488,1326,38.07160949707031
1755647441.8503575,1345,43.881683349609375
1755647473.4846025,1360,45.737327575683594
1755647481.827872,1364,45.3750114440918
1755647505.1219862,1375,42.11634063720703
1755647507.198889,1376,42.53533172607422
1755647515.5479803,1380,43.13274002075195
1755647593.8517325,1417,49.93474578857422
1755647637.8966007,1438,45.648868560791016
1755647639.964619,1439,47.0035400390625
1755647678.1091256,1457,51.89506149291992
1755647680.2116637,1458,49.07483673095703
1755647686.5038164,1461,46.84807205200195
1755647713.9271274,1474,51.2734375
1755647718.1086383,1476,49.64506912231445
1755647741.2961507,1487,46.88189697265625
1755647747.489421,1490,48.29636001586914
1755647755.7522826,1494,51.02855682373047
1755647772.8201826,1502,51.25437545776367
1755647787.4983964,1509,48.31330108642578
1755647789.595062,1510,50.9768180847168
1755647795.8530202,1513,50.016971588134766
1755647802.3387537,1516,50.230464935302734
1755647827.645505,1528,48.024810791015625
1755647848.7748504,1538,48.96377182006836
1755647870.028267,1548,49.9918098449707
1755647876.212215,1551,50.89598846435547
1755647905.7519295,1565,51.35834884643555
1755647912.0182137,1568,50.23775100708008
1755647922.707645,1573,53.16770553588867
1755647928.937665,1576,48.206504821777344
1755647948.0141368,1585,51.48210525512695
1755647971.138872,1596,53.57199478149414
1755647981.8878036,1601,51.14716339111328
1755647986.0955102,1603,50.304443359375
1755648036.416196,1627,50.78118133544922
1755648053.2843275,1635,57.161354064941406
1755648057.395798,1637,53.72005081176758
1755648078.4800987,1647,51.40814208984375
1755648093.1053143,1654,53.46971893310547
1755648126.6373773,1670,52.005611419677734
1755648141.541104,1677,53.516929626464844
1755648145.7640212,1679,47.32929611206055
1755648158.2215674,1685,55.65011978149414
1755648177.2343445,1694,52.155643463134766
1755648194.1677613,1702,53.70966339111328
1755648198.3349118,1704,46.45772933959961
1755648204.6141875,1707,51.74302291870117
1755648210.936284,1710,55.03598403930664
1755648213.0179465,1711,52.93798065185547
1755648228.0252373,1718,53.715415954589844
1755648238.3360348,1723,55.93745040893555
1755648253.1857054,1730,55.745811462402344
1755648271.8339047,1739,54.760746002197266
1755648284.7031307,1745,53.83734893798828
1755648303.7171588,1754,52.55567169189453
1755648347.9070718,1775,50.66099166870117
1755648352.0340679,1777,55.00045394897461
1755648377.4142234,1789,50.198944091796875
1755648383.6761425,1792,53.42857360839844
1755648400.3384967,1800,53.862918853759766
1755648440.7195904,1819,55.59294509887695
1755648499.7164345,1847,59.798397064208984
1755648507.9997716,1851,52.77165985107422
1755648527.0151393,1860,55.194210052490234
1755648537.3975542,1865,52.182186126708984
1755648541.59344,1867,54.71757125854492
1755648585.866162,1888,53.11595916748047
1755648608.7437057,1899,56.65055465698242
1755648615.2534955,1902,51.93915939331055
1755648627.7903175,1908,52.17406463623047
1755648629.8828108,1909,55.19319534301758
1755648661.5095003,1924,54.970802307128906
1755648663.571801,1925,55.532493591308594
1755648686.8624778,1936,56.511016845703125
1755648695.0748377,1940,54.051849365234375
1755648705.6082642,1945,56.75763702392578
1755648709.8243616,1947,55.76332092285156
1755648737.0829847,1960,60.988765716552734
1755648739.1359313,1961,57.32616424560547
1755648743.2761068,1963,53.479469299316406
1755648745.3507078,1964,58.489654541015625
1755648749.4432957,1966,58.792720794677734
1755648772.4697242,1977,57.4835319519043
1755648776.5882416,1979,58.78300094604492
1755648793.2323122,1987,59.736507415771484
1755648795.4668605,1988,57.31510543823242
1755648967.2882357,2070,58.94590377807617
1755648986.3336399,2079,53.07337188720703
1755649007.5553894,2089,58.9743537902832
1755649030.6098464,2100,58.315956115722656
1755649037.094885,2103,56.639434814453125
1755649049.6804361,2109,55.53071212768555
1755649060.095754,2114,55.68890380859375
1755649062.1738253,2115,54.04801940917969
1755649070.8708882,2119,57.91597366333008
1755649072.9454446,2120,60.36516571044922
1755649087.3922007,2127,57.84283447265625
1755649112.6627893,2139,60.27194595336914
1755649176.0863311,2169,57.66151428222656
1755649213.9018333,2187,53.20172882080078
1755649228.88239,2194,58.803958892822266
1755649260.524329,2209,59.51290512084961
1755649273.1681747,2215,56.99355697631836
1755649294.429644,2225,57.52591323852539
1755649317.739038,2236,61.704734802246094
1755649323.976451,2239,59.80686569213867
1755649334.3212569,2244,58.8843994140625
1755649361.7818372,2257,58.901214599609375
1755649412.602153,2281,59.45245361328125
1755649463.3056326,2305,58.668312072753906
1755649486.1726367,2316,61.69388198852539
1755649492.7803552,2319,60.96488571166992
1755649503.2524362,2324,59.09402084350586
1755649519.8317132,2332,60.3112907409668
1755649540.9126124,2342,60.43913650512695
1755649562.448398,2352,53.32152557373047
1755649577.334319,2359,53.870033264160156
1755649642.3467958,2389,61.170711517333984
1755649651.1485927,2393,57.236873626708984
1755649653.337578,2394,59.365699768066406
1755649661.9369514,2398,60.26194381713867
1755649743.7747533,2436,59.51076889038086
1755649754.475769,2441,62.08017349243164
1755649782.5423465,2454,64.2244873046875
1755649800.0477052,2462,63.06404495239258
1755649806.4490213,2465,57.106815338134766
1755649849.6517706,2485,56.7540168762207
1755649867.0005517,2493,57.47876739501953
1755649877.6810064,2498,60.319339752197266
1755649888.64316,2503,59.513694763183594
1755649918.879768,2517,59.10474395751953
1755649923.1891427,2519,61.14405822753906
1755649942.3272793,2528,57.905601501464844
1755649946.8895955,2530,63.409263610839844
1755649963.9312084,2538,61.039730072021484
1755650022.3544729,2565,63.297767639160156
1755650024.4862676,2566,63.09431076049805
1755650048.3063185,2577,64.62548828125
1755650050.4136467,2578,67.99808502197266
1755650072.0515878,2588,63.0177116394043
1755650080.621461,2592,63.56214141845703
1755650095.5357807,2599,62.512569427490234
1755650110.9406953,2606,59.047584533691406
1755650139.1265247,2619,64.29518127441406
1755650156.0734928,2627,59.721473693847656
1755650158.5095184,2628,60.42872619628906
1755650173.542861,2635,63.8657341003418
1755650179.983031,2638,62.69936752319336
1755650182.1463313,2639,67.86441040039062
1755650184.27318,2640,59.147430419921875
1755650190.9837015,2643,64.79263305664062
1755650231.814546,2662,64.98963165283203
1755650249.0738997,2670,63.1351203918457
1755650251.3290381,2671,64.81280517578125
1755650257.73376,2674,60.51970291137695
1755650272.789402,2681,64.03934478759766
1755650279.286153,2684,68.1746597290039
1755650283.6454668,2686,62.598873138427734
1755650290.0505753,2689,61.95779037475586
1755650298.582015,2693,64.71187591552734
1755650317.9699495,2702,67.85906219482422
1755650330.6934767,2708,65.60630798339844
1755650341.7306428,2713,62.65021514892578
1755650350.3550148,2717,66.07721710205078
1755650376.2486367,2729,62.769195556640625
1755650378.378606,2730,66.78317260742188
1755650386.8690035,2734,62.28606033325195
1755650397.4661753,2739,63.076717376708984
1755650399.8564,2740,66.84143829345703
1755650401.9892037,2741,67.39522552490234
1755650408.407925,2744,68.62416076660156
1755650427.5327988,2753,63.988956451416016
1755650429.9805744,2754,67.79060363769531
1755650432.1198504,2755,63.11045837402344
1755650442.7692869,2760,65.4278793334961
1755650453.3440893,2765,68.98704528808594
1755650460.0282245,2768,66.23773956298828
1755650470.7325118,2773,64.84654998779297
1755650481.3745058,2778,63.4814567565918
1755650496.7909496,2785,66.31395721435547
1755650554.8758845,2812,66.78951263427734
1755650602.1658578,2834,62.3351936340332
1755650610.9289193,2838,66.34306335449219
1755650623.662165,2844,66.89115142822266
1755650638.6049397,2851,65.5806655883789
1755650660.2502837,2861,66.555419921875
1755650662.4004276,2862,64.85027313232422
1755650703.3773837,2881,65.61846160888672
1755650724.8656662,2891,65.19341278076172
1755650729.1128023,2893,64.03314971923828
1755650783.1756732,2918,66.24575805664062
1755650789.5449734,2921,65.6246337890625
1755650796.2255938,2924,67.90144348144531
1755650817.3783834,2934,65.10916900634766
1755650856.3860593,2952,68.13557434082031
1755650862.7983315,2955,67.80016326904297
1755650877.7654464,2962,67.04678344726562
1755650884.4228928,2965,62.33500289916992
1755650888.7053795,2967,67.22736358642578
1755650901.402988,2973,66.61829376220703
1755650929.3417482,2986,66.4464340209961
1755650951.0804489,2996,69.30451965332031
1755650957.5075042,2999,66.37464904785156
1755650963.8686476,3002,64.36556243896484
1755651000.2264426,3019,68.01129150390625
1755651032.618204,3034,69.23029327392578
1755651060.453458,3047,68.20919036865234
1755651137.588162,3083,69.01988220214844
1755651139.7089565,3084,68.71739959716797
1755651165.4929466,3096,68.88409423828125
1755651180.3488402,3103,65.88992309570312
1755651182.4424632,3104,68.70832061767578
1755651184.5640135,3105,69.14067077636719
1755651197.5692544,3111,70.49275970458984
1755651206.054796,3115,69.14086151123047
1755651214.6323323,3119,67.50341033935547
1755651217.0283787,3120,69.01305389404297
1755651219.1583319,3121,65.20732879638672
1755651229.7252345,3126,64.13502502441406
1755651233.9682827,3128,65.0567626953125
1755651270.4506543,3145,65.01824951171875
1755651330.3819616,3173,67.79133605957031
1755651341.2754886,3178,69.95172882080078
1755651366.8731127,3190,69.40897369384766
1755651371.2234366,3192,68.24361419677734
1755651386.2655544,3199,63.51198196411133
1755651396.8360934,3204,68.56361389160156
1755651422.8116548,3216,68.32392120361328
1755651424.9808743,3217,68.65296936035156
1755651431.6800072,3220,68.12789154052734
1755651435.9188766,3222,70.91850280761719
1755651450.8973207,3229,69.05194854736328
1755651476.664549,3241,67.56455993652344
1755651480.88752,3243,69.26714324951172
1755651528.2596738,3265,71.98992919921875
1755651534.5949414,3268,68.05970764160156
1755651599.0781612,3298,71.43560028076172
1755651616.3947463,3306,69.803955078125
1755651689.4004521,3340,65.55065155029297
1755651699.9966693,3345,65.86994171142578
1755651723.666195,3356,72.19468688964844
1755651743.0555465,3365,74.77458190917969
1755651757.942583,3372,65.59052276611328
1755651762.4250147,3374,68.53367614746094
1755651768.7951643,3377,69.05864715576172
1755651773.0404465,3379,71.18856048583984
1755651783.7306254,3384,67.04584503173828
1755651785.8454964,3385,72.95719909667969
1755651803.2133005,3393,73.22511291503906
1755651826.9549465,3404,69.67048645019531
1755651857.1852684,3418,67.19925689697266
1755651865.6500957,3422,73.11119842529297
1755651874.0729473,3426,69.06436157226562
1755651891.371959,3434,66.8503189086914
1755651902.0129604,3439,71.95941162109375
1755651934.3498302,3454,67.87976837158203
1755651949.7301311,3461,67.63526153564453
1755651964.7631488,3468,70.84101867675781
1755651994.8189838,3482,70.62178802490234
1755651996.9489706,3483,72.55530548095703
1755651999.066587,3484,68.47177124023438
1755652001.1946616,3485,70.76312255859375
1755652014.3135617,3491,71.05364990234375
1755652018.6514847,3493,71.10730743408203
1755652033.5567248,3500,66.28138732910156
1755652040.2306757,3503,69.79410552978516
1755652063.7781487,3514,70.34587097167969
1755652089.3958342,3526,68.93933868408203
1755652128.2379622,3544,66.86495971679688
1755652141.1118996,3550,68.3973617553711
1755652158.4976552,3558,74.07543182373047
1755652175.4877503,3566,68.45682525634766
1755652181.8264632,3569,67.28563690185547
1755652194.8976653,3575,73.141357421875
1755652197.0599515,3576,70.51565551757812
1755652220.9769704,3587,70.27268981933594
1755652223.1029,3588,69.8704833984375
1755652249.0952563,3600,71.58921813964844
1755652277.1477473,3613,65.68675231933594
1755652279.3409534,3614,69.84381103515625
1755652281.497695,3615,65.80308532714844
1755652283.6397028,3616,68.4003677368164
1755652313.998692,3630,70.42955780029297
1755652365.3820667,3654,67.79171752929688
1755652372.0911648,3657,72.35104370117188
1755652376.3392813,3659,67.24880981445312
1755652380.6046762,3661,72.2005615234375
1755652387.0462093,3664,70.6500015258789
1755652395.5959132,3668,71.5693359375
1755652402.255651,3671,68.12347412109375
1755652404.3725753,3672,71.05799865722656
1755652442.6695755,3690,70.39031982421875
1755652464.1287212,3700,72.12344360351562
1755652489.805541,3712,71.23076629638672
1755652500.6370945,3717,73.06102752685547
1755652533.020097,3732,69.89915466308594
1755652561.0342753,3745,74.70890045166016
1755652563.1520512,3746,70.00389862060547
1755652567.3923578,3748,73.0718765258789
1755652569.4930894,3749,76.19293975830078
1755652575.8399012,3752,67.20880126953125
1755652577.9684253,3753,71.67839050292969
1755652580.3112292,3754,67.82025146484375
1755652595.2375278,3761,73.7269058227539
1755652599.508076,3763,70.73439025878906
1755652635.9175737,3780,72.64959716796875
1755652640.1695564,3782,73.00383758544922
1755652642.5884552,3783,73.030517578125
1755652651.1770105,3787,72.2204360961914
1755652657.6060088,3790,73.51333618164062
1755652707.043893,3813,73.26283264160156
1755652728.3728776,3823,74.46451568603516
1755652762.8453233,3839,74.91371154785156
1755652782.259319,3848,71.2564926147461
1755652786.551833,3850,68.42252349853516
1755652808.04525,3860,67.46781921386719
1755652827.604768,3869,72.25199890136719
1755652834.0646615,3872,71.49097442626953
1755652898.6308331,3902,69.55534362792969
1755652911.436033,3908,69.79156494140625
1755652918.1125,3911,71.37407684326172
1755652926.7062874,3915,71.783447265625
1755652939.5766954,3921,74.02371978759766
1755652961.3417778,3931,70.18032836914062
1755652965.7148354,3933,71.86567687988281
1755652972.1477273,3936,68.99247741699219
1755653008.991761,3953,74.25113677978516
1755653017.6306832,3957,70.9636459350586
1755653037.1671705,3966,69.69132995605469
1755653056.4420872,3975,69.73744201660156
1755653069.5104146,3981,73.409423828125
1755653080.191284,3986,72.38954162597656
1755653127.9472873,4008,71.16969299316406
1755653136.4947267,4012,71.59263610839844
1755653140.769118,4014,75.19511413574219
1755653160.3625693,4023,67.89949798583984
1755653171.0300193,4028,76.05144500732422
1755653183.9208007,4034,78.64039611816406
1755653197.0851486,4040,74.55533599853516
1755653212.0119784,4047,71.46739959716797
1755653291.8990526,4084,73.65310668945312
1755653309.160657,4092,71.75061798095703
1755653345.7457905,4109,75.88774108886719
1755653358.713875,4115,77.15824127197266
1755653371.789483,4121,70.56576538085938
1755653378.2130332,4124,71.63948822021484
1755653425.533857,4146,67.62047576904297
1755653447.2452307,4156,75.77030181884766
1755653471.1244044,4167,73.43780517578125
1755653492.6107156,4177,71.61260986328125
1755653494.7289886,4178,70.83198547363281
1755653501.1263583,4181,73.81983947753906
1755653525.0025768,4192,70.3116455078125
1755653557.5117147,4207,72.98194122314453
1755653587.7616687,4221,74.557373046875
1755653600.5468178,4227,78.30765533447266
1755653604.775392,4229,77.75699615478516
1755653620.048873,4236,74.21871185302734
1755653641.5883257,4246,73.16231536865234
1755653648.0261772,4249,74.52322387695312
1755653654.4155705,4252,76.0469741821289
1755653656.5356026,4253,74.9453125
1755653665.0361502,4257,74.92596435546875
1755653714.4419324,4280,71.85687255859375
1755653716.5364175,4281,75.43305969238281
1755653752.674236,4298,73.23571014404297
1755653795.795286,4318,75.65044403076172
1755653806.5413847,4323,68.58573150634766
1755653817.2618427,4328,71.54402160644531
1755653830.3760626,4334,72.49131774902344
1755653920.8533297,4376,76.56208038330078
1755653927.260327,4379,71.6175308227539
1755653961.691944,4395,75.6619873046875
1755653979.0419602,4403,74.04299926757812
1755653987.6200655,4407,72.43177795410156
1755653994.0080235,4410,73.34606170654297
1755654002.489886,4414,72.59270477294922
1755654019.8474102,4422,68.96266174316406
1755654024.0706766,4424,74.1099624633789
1755654047.849616,4435,75.21937561035156
1755654065.271077,4443,74.59101867675781
1755654088.6599817,4454,74.708251953125
1755654097.6304097,4458,72.96390533447266
1755654114.8270187,4466,77.36991882324219
1755654164.4730651,4489,74.874267578125
1755654177.3568594,4495,73.83206939697266
1755654186.1347072,4499,74.92465209960938
1755654218.5853436,4514,75.13111114501953
1755654231.3898246,4520,73.63121795654297
1755654237.8086016,4523,73.26539611816406
1755654242.051371,4525,75.74642181396484
1755654263.772792,4535,72.05486297607422
1755654272.358736,4539,73.66203308105469
1755654281.149213,4543,73.75608825683594
1755654283.3066275,4544,75.14859771728516
1755654322.0832558,4562,72.01380920410156
1755654326.3780386,4564,69.14081573486328
1755654334.9315968,4568,73.52660369873047
1755654348.0315707,4574,77.60305786132812
1755654365.0223427,4582,78.99110412597656
1755654386.5861964,4592,72.61751556396484
1755654416.882112,4606,73.54369354248047
1755654423.2930913,4609,77.33562469482422
1755654429.9705803,4612,75.83633422851562
1755654509.372127,4649,72.64302062988281
1755654520.3312092,4654,76.877197265625
1755654528.9401424,4658,73.31988525390625
1755654531.0815947,4659,77.538818359375
1755654537.5275843,4662,74.08018493652344
1755654548.3397603,4667,77.29817199707031
1755654571.8689642,4678,78.2063980102539
1755654589.235434,4686,74.06440734863281
1755654597.6879985,4690,73.60491943359375
1755654601.9866369,4692,73.57166290283203
1755654615.2104576,4698,78.73137664794922
1755654632.3991477,4706,71.90776062011719
1755654634.594126,4707,78.48849487304688
1755654647.7424238,4713,78.67071533203125
1755654654.107989,4716,77.47517395019531
1755654684.4570334,4730,78.47223663330078
1755654699.4439578,4737,76.30361938476562
1755654746.9291396,4759,78.03998565673828
1755654761.9438145,4766,77.340576171875
1755654775.0200272,4772,77.39398956298828
1755654783.5348384,4776,75.12155151367188
1755654785.6939025,4777,74.72676086425781
1755654813.860128,4790,76.74065399169922
1755654844.0297709,4804,76.24893188476562
1755654850.3791032,4807,75.2756576538086
1755654857.0533748,4810,77.14310455322266
1755654861.4032922,4812,77.33714294433594
1755654865.6412144,4814,73.75269317626953
1755654900.0474534,4830,78.28191375732422
1755654904.2953022,4832,75.7708740234375
1755654908.528558,4834,77.49726104736328
1755654910.6156626,4835,78.79423522949219
1755654913.0052574,4836,77.64329528808594
1755654927.9565163,4843,74.73058319091797
1755654930.1144814,4844,79.49573516845703
1755654968.8297088,4862,75.76941680908203
1755655012.166315,4882,77.51536560058594
1755655040.1902695,4895,80.6973876953125
1755655068.4425461,4908,76.01046752929688
1755655072.7351456,4910,77.59329986572266
1755655113.653217,4929,78.48621368408203
1755655122.2744622,4933,76.47419738769531
1755655137.5637965,4940,76.87528991699219
1755655146.099418,4944,77.61536407470703
1755655157.12809,4949,74.43599700927734
1755655224.055619,4980,75.10394287109375
1755655245.7497027,4990,78.20105743408203
1755655247.9346914,4991,74.35917663574219
1755655316.773205,5023,77.56869506835938
1755655368.6958132,5047,72.13143157958984
1755655394.4646645,5059,75.13777923583984
1755655399.0240567,5061,76.0741195678711
1755655409.8518069,5066,75.79574584960938
1755655438.0682547,5079,74.2365951538086
1755655440.2488277,5080,74.88497161865234
1755655457.6687353,5088,77.5476303100586
1755655461.9693167,5090,75.74327087402344
1755655472.6276834,5095,72.11998748779297
1755655552.528055,5132,73.41570281982422
1755655561.186424,5136,71.99061584472656
1755655569.7113755,5140,74.34144592285156
1755655584.9049826,5147,77.54740142822266
1755655593.46617,5151,76.28358459472656
1755655595.6281383,5152,75.33726501464844
1755655599.8398247,5154,74.68161010742188
1755655601.9591405,5155,73.62447357177734
1755655627.8759804,5167,76.47034454345703
1755655670.9468594,5187,77.1452407836914
1755655694.4451423,5198,76.98778533935547
1755655698.9841254,5200,72.98017883300781
1755655709.7023716,5205,78.98332977294922
1755655713.957789,5207,79.1807632446289
1755655724.518036,5212,74.73213958740234
1755655737.7011175,5218,73.25669860839844
1755655752.4706078,5225,76.36114501953125
1755655780.4109285,5238,77.31184387207031
1755655812.4892404,5253,73.4822006225586
1755655814.623737,5254,79.89183044433594
1755655823.3982012,5258,77.13583374023438
1755655831.8062272,5262,76.67803192138672
1755655838.1637533,5265,71.06117248535156
1755655883.2804637,5286,78.39717102050781
1755655902.4206426,5295,78.463623046875
1755655906.669578,5297,79.23869323730469
1755655951.9603186,5318,72.18791198730469
1755655954.091586,5319,74.91767120361328
1755655960.4918382,5322,71.91603088378906
1755655964.742246,5324,76.46141052246094
1755655973.6333637,5328,79.80310821533203
1755655975.7785013,5329,74.67182159423828
1755655986.347583,5334,77.6132583618164
1755655990.55148,5336,72.48359680175781
1755655994.7713819,5338,76.4422378540039
1755656046.5708513,5362,75.78304290771484
1755656059.4313977,5368,73.68325805664062
1755656063.948995,5370,77.708740234375
1755656113.0850952,5393,75.68785095214844
1755656132.6289523,5402,78.75930786132812
1755656134.756369,5403,73.55769348144531
1755656164.8225296,5417,75.0156021118164
1755656179.7674325,5424,79.1884765625
1755656188.627013,5428,79.29039001464844
1755656225.129896,5445,78.408447265625
1755656229.4457736,5447,73.9064712524414
1755656240.1802197,5452,79.81401062011719
1755656244.720799,5454,75.35843658447266
1755656251.1723945,5457,74.72339630126953
1755656255.3920054,5459,80.00017547607422
1755656335.5135367,5496,79.71725463867188
1755656352.7279925,5504,75.20377349853516
1755656363.560327,5509,72.90463256835938
1755656365.9988403,5510,73.3962631225586
1755656380.902244,5517,74.55516052246094
1755656389.4667366,5521,72.94136810302734
1755656393.7964308,5523,75.64458465576172
1755656441.2058754,5545,75.80111694335938
1755656456.2590542,5552,76.74510955810547
1755656467.0314398,5557,78.11355590820312
1755656488.6729324,5567,77.45926666259766
1755656514.234521,5579,78.23361206054688
1755656568.207164,5604,77.02798461914062
1755656652.1117454,5643,76.52538299560547
1755656673.6710975,5653,77.17547607421875
1755656703.9291162,5667,81.76498413085938
1755656714.5000622,5672,76.43158721923828
1755656746.7557225,5687,81.73419952392578
1755656787.3865876,5706,79.06776428222656
1755656802.4893184,5713,81.6678695678711
1755656808.8982131,5716,77.56369018554688
1755656823.9209301,5723,81.57809448242188
1755656838.8924515,5730,78.2388916015625
1755656845.3105419,5733,77.87118530273438
1755656860.457011,5740,76.48821258544922
1755656881.9913127,5750,76.5237045288086
1755656886.2139502,5752,75.27619171142578
1755656892.6136892,5755,76.81131744384766
1755656894.708581,5756,79.21414947509766
1755656896.8072946,5757,76.71720886230469
1755656898.9050868,5758,78.76502227783203
1755656914.167018,5765,75.26311492919922
1755656929.047903,5772,73.37837219238281
1755656948.6171055,5781,78.53700256347656
1755656965.6674788,5789,71.06575775146484
1755657008.7442446,5809,77.35860443115234
1755657057.8747795,5832,76.19061279296875
1755657094.6578753,5849,74.9117660522461
1755657131.0455968,5866,80.89229583740234
1755657159.0159235,5879,78.23896789550781
1755657161.151217,5880,79.11029052734375
1755657165.4230447,5882,79.39141082763672
1755657249.3470492,5921,79.19990539550781
1755657307.312151,5948,80.36641693115234
1755657317.9966006,5953,80.80696868896484
1755657324.3916533,5956,74.85545349121094
1755657341.7223434,5964,74.9071273803711
1755657354.5145822,5970,77.6185302734375
1755657378.164288,5981,71.92953491210938
1755657397.6018367,5990,76.11517333984375
1755657412.4251537,5997,77.82324981689453
1755657425.32892,6003,82.34342956542969
1755657434.0933745,6007,79.85276794433594
1755657438.382262,6009,76.50444030761719
1755657440.4663556,6010,73.8519515991211
1755657504.8716002,6040,78.79700469970703
1755657513.4245207,6044,74.57293701171875
1755657515.6502368,6045,76.48116302490234
1755657532.9480026,6053,76.13463592529297
1755657582.586988,6076,76.76883697509766
1755657586.8702238,6078,78.17988586425781
1755657589.0292938,6079,75.8048324584961
1755657612.903156,6090,81.68340301513672
1755657619.2954814,6093,79.50617980957031
1755657649.4346328,6107,76.59510040283203
1755657657.9588764,6111,76.71147918701172
1755657662.2510095,6113,74.5103759765625
1755657705.5629861,6133,75.5644760131836
1755657716.191363,6138,77.137939453125
1755657720.3964665,6140,78.41317749023438
1755657724.6220965,6142,78.34941864013672
1755657780.6772363,6168,75.67029571533203
1755657843.0719876,6197,75.06141662597656
1755657860.391027,6205,75.62544250488281
1755657873.0891223,6211,79.86103057861328
1755657894.4330678,6221,80.13175964355469
1755657902.944336,6225,79.9101333618164
1755657911.8894103,6229,76.77335357666016
1755657920.4289718,6233,77.62503814697266
1755657926.8118436,6236,80.82200622558594
1755657942.0387018,6243,81.2820816040039
1755657958.9069884,6251,79.27279663085938
1755658018.7269428,6279,78.84294891357422
1755658023.0030563,6281,73.93587493896484
1755658038.2298484,6288,78.44917297363281
1755658055.1217818,6296,80.48868560791016
1755658057.266509,6297,78.47549438476562
1755658063.9158583,6300,76.01971435546875
1755658093.9580705,6314,77.29126739501953
1755658124.1965017,6328,76.3928451538086
1755658132.737362,6332,76.25688171386719
1755658134.8726518,6333,78.31097412109375
1755658137.014602,6334,77.25188446044922
1755658165.070717,6347,78.44180297851562
1755658177.8209362,6353,80.40440368652344
1755658188.9073737,6358,79.53665924072266
1755658191.0640826,6359,81.52849578857422
1755658195.3261085,6361,77.88487243652344
1755658201.7096303,6364,78.10525512695312
1755658205.9950936,6366,80.86984252929688
1755658212.5309849,6369,79.02616882324219
1755658236.1289291,6380,81.07537078857422
1755658292.2016776,6406,79.7339859008789
1755658330.52865,6424,78.5128173828125
1755658363.1323447,6439,78.6478500366211
1755658369.5607746,6442,78.24356842041016
1755658371.6779132,6443,79.37845611572266
1755658384.4097598,6449,79.46985626220703
1755658405.9779587,6459,72.67744445800781
1755658435.9247494,6473,81.12123107910156
1755658465.733159,6487,81.11441040039062
1755658474.1548898,6491,80.13449096679688
1755658480.5036302,6494,80.4051742553711
1755658482.6471646,6495,76.65442657470703
1755658540.5283103,6522,80.38023376464844
1755658553.603381,6528,78.32506561279297
1755658559.9938192,6531,78.95791625976562
1755658579.4515553,6540,76.58799743652344
1755658592.1534755,6546,77.91825103759766
1755658602.7609704,6551,80.97413635253906
1755658604.8534305,6552,76.7953109741211
1755658607.291623,6553,80.76763916015625
1755658630.6227238,6564,77.36634063720703
1755658637.302453,6567,80.21849060058594
1755658641.5993469,6569,75.94483184814453
1755658675.8840973,6585,77.56592559814453
1755658680.1896873,6587,77.15384674072266
1755658686.6265984,6590,78.08744812011719
1755658697.4892747,6595,80.54402923583984
1755658706.181093,6599,75.1412124633789
1755658740.5582502,6615,79.17841339111328
1755658742.700078,6616,76.03919982910156
1755658770.6146631,6629,77.32189178466797
1755658813.4131503,6649,78.35608673095703
1755658839.1052096,6661,81.4453125
1755658858.7165396,6670,74.06293487548828
1755658865.1128185,6673,79.30757141113281
1755658916.6858773,6697,79.97215270996094
1755658940.320297,6708,80.7541275024414
1755658955.3042548,6715,80.70147705078125
1755658965.9700367,6720,81.09034729003906
1755658970.546454,6722,77.9272689819336
1755658974.859367,6724,78.43413543701172
1755658987.6056845,6730,75.40848541259766
1755658996.1304972,6734,82.8119125366211
1755659030.8813286,6750,79.40535736083984
1755659054.1103992,6761,82.72215270996094
1755659058.3980274,6763,78.07073974609375
1755659086.474524,6776,77.81407928466797
1755659093.2539415,6779,81.46250915527344
1755659106.055434,6785,82.33711242675781
1755659142.6125016,6802,75.301025390625
1755659151.2053075,6806,79.2227783203125
1755659183.5173597,6821,80.7766342163086
1755659204.7340858,6831,78.02689361572266
1755659211.0359905,6834,74.75733184814453
1755659217.8430927,6837,77.24957275390625
1755659228.5590453,6842,80.96886444091797
1755659232.8156826,6844,78.2574234008789
1755659246.0037386,6850,77.98406982421875
1755659265.1142418,6859,79.43106842041016
1755659280.2301908,6866,79.92020416259766
1755659288.838231,6870,79.23926544189453
1755659299.4895499,6875,81.07095336914062
1755659336.2262206,6892,79.7729263305664
1755659383.2945187,6914,80.6798095703125
1755659387.6099484,6916,80.23390197753906
1755659394.2216353,6919,76.56462860107422
1755659417.4855604,6930,79.73736572265625
1755659432.8664162,6937,80.32278442382812
1755659480.0235515,6959,79.69940185546875
1755659512.1664171,6974,81.38232421875
1755659514.5794685,6975,81.23296356201172
1755659527.2419522,6981,77.55943298339844
1755659548.8832998,6991,79.22759246826172
1755659559.524419,6996,80.62200927734375
1755659563.7914903,6998,82.13543701171875
1755659570.0998368,7001,79.80266571044922
1755659593.8344524,7012,76.59724426269531
1755659606.797437,7018,79.22073364257812
1755659628.0163932,7028,76.80872344970703
1755659630.1690993,7029,80.3448257446289
1755659634.3840952,7031,77.32576751708984
1755659662.2194254,7044,80.4208755493164
1755659677.3201132,7051,75.04997253417969
1755659681.541896,7053,81.14407348632812
1755659683.677931,7054,81.5774154663086
1755659739.4893372,7080,74.3485336303711
1755659754.3798833,7087,77.72257995605469
1755659803.8648276,7110,76.49662780761719
1755659818.866892,7117,78.24947357177734
1755659825.2768986,7120,74.74119567871094
1755659838.0596015,7126,78.06951141357422
1755659919.4383988,7164,81.4352798461914
1755659947.272341,7177,78.98754119873047
1755659949.4024613,7178,80.09066009521484
1755659953.621425,7180,77.54656982421875
1755659966.376948,7186,80.0257568359375
1755659973.0148351,7189,82.51345825195312
1755660011.5142503,7207,77.00383758544922
1755660028.7470608,7215,80.27667236328125
1755660050.1201162,7225,79.90058898925781
1755660101.660224,7249,82.45833587646484
1755660110.1754687,7253,81.37242889404297
1755660127.5214067,7261,80.59884643554688
1755660136.055138,7265,79.51349639892578
1755660155.3706315,7274,75.60769653320312
1755660195.8073375,7293,79.80261993408203
1755660215.2510133,7302,78.7759780883789
1755660227.922955,7308,78.94917297363281
1755660272.6990883,7329,81.37666320800781
1755660283.3369782,7334,77.5269546508789
1755660291.742801,7338,75.61325073242188
1755660295.919236,7340,81.21212768554688
1755660323.5931425,7353,78.64579010009766
1755660327.8486664,7355,82.09671020507812
1755660334.4304774,7358,81.22455596923828
1755660345.0494325,7363,78.85289764404297
1755660353.5220473,7367,80.86841583251953
1755660375.0586438,7377,78.39263153076172
1755660392.1842563,7385,79.75498962402344
1755660409.5183463,7393,80.42543029785156
1755660460.7622,7417,82.94864654541016
1755660475.6482668,7424,80.4089126586914
1755660499.2327738,7435,79.53133392333984
1755660501.3983543,7436,78.61701202392578
1755660507.8346498,7439,81.2034683227539
1755660514.4913704,7442,81.84595489501953
1755660552.921023,7460,81.07414245605469
1755660561.4363456,7464,80.06840515136719
1755660569.8127718,7468,77.04580688476562
1755660574.0178275,7470,83.38040924072266
1755660599.7585328,7482,78.0063705444336
1755660638.6407511,7500,82.05815887451172
1755660651.4619827,7506,80.37582397460938
1755660666.725241,7513,80.0767822265625
1755660677.372488,7518,78.63443756103516
1755660694.39486,7526,79.22466278076172
1755660707.5142887,7532,77.7332992553711
1755660731.0422306,7543,79.9571533203125
1755660748.1401153,7551,77.56814575195312
1755660752.436974,7553,81.70757293701172
1755660759.1328962,7556,80.70698547363281
1755660765.515679,7559,80.04722595214844
1755660778.290808,7565,80.5578384399414
1755660804.1947265,7577,82.84954071044922
1755660823.6036656,7586,77.66921997070312
1755660838.5873373,7593,81.83676147460938
1755660853.8550048,7600,78.44371795654297
1755660858.0780802,7602,77.50213623046875
1755660862.2764,7604,79.59056854248047
1755660868.6381671,7607,78.0987548828125
1755660872.8423862,7609,79.95925903320312
1755660934.9060738,7638,79.43507385253906
1755660937.0174828,7639,81.97277069091797
1755660948.0252957,7644,83.31912994384766
1755660950.1484754,7645,80.3132553100586
1755660978.1983218,7658,80.18962097167969
1755660982.5145667,7660,83.38333129882812
1755660984.6760583,7661,77.06607055664062
1755661036.6616945,7685,81.846923828125
1755661114.037036,7721,76.42733764648438
1755661127.0672119,7727,80.37663269042969
1755661129.1835175,7728,84.1204605102539
1755661133.3975644,7730,73.96492767333984
1755661189.2315404,7756,80.53886413574219
1755661191.3800745,7757,81.42804718017578
1755661195.5664608,7759,80.8388900756836
1755661197.656151,7760,83.31295776367188
1755661199.7528408,7761,81.45562744140625
1755661206.03108,7764,78.12478637695312
1755661236.0598369,7778,81.38516235351562
1755661251.2315853,7785,80.55728149414062
1755661270.4007213,7794,79.51444244384766
1755661272.8200564,7795,82.30450439453125
1755661303.0448964,7809,80.99756622314453
1755661328.766312,7821,81.44335174560547
1755661365.3491278,7838,79.2888412475586
1755661373.906128,7842,79.06079864501953
1755661390.956924,7850,80.0361557006836
1755661401.966795,7855,80.03899383544922
1755661404.0930958,7856,78.79542541503906
1755661416.913016,7862,75.95614624023438
1755661430.0456853,7868,80.75287628173828
1755661460.156142,7882,81.86894226074219
1755661488.161951,7895,80.7104721069336
1755661500.8804972,7901,78.52533721923828
1755661528.6056633,7914,79.8957290649414
1755661532.839633,7916,82.42256927490234
1755661534.9462726,7917,79.12033081054688
1755661547.8390033,7923,80.21775817871094
1755661554.2696476,7926,78.86488342285156
1755661558.4993856,7928,79.23371887207031
1755661560.6152735,7929,78.85167694091797
1755661575.7121277,7936,78.66954803466797
1755661616.3849218,7955,82.11920928955078
1755661624.8286664,7959,74.73583984375
1755661646.4638162,7969,76.96858978271484
1755661676.6943707,7983,79.25859069824219
1755661683.088053,7986,82.4763412475586
1755661698.2611632,7993,79.0986328125
1755661711.0976737,7999,80.28166961669922
